StudentID,StudentName,QuantitativeMethods,Finance,Macroeconomics,Marketing,Leadership,Organization
1,Leonardo Fleming,89,93,91,93,89,88
2,Victoria Pena,96,94,93,96,93,93
3,Rosemary Morris,90,87,89,88,92,90
4,Kristin Burgess,91,91,91,91,91,90
5,George Tucker,89,88,89,91,90,90
6,Paul Marshall,89,88,93,90,91,93
7,Nicholas Guerrero,90,92,86,91,92,90
8,Caylee Mack,92,92,91,92,93,93
9,Timothy Ortiz,88,88,85,89,90,88
10,Gretchen Adams,92,92,92,92,96,97
11,Sherlyn Benton,91,93,94,91,94,94
12,Javion Hester,96,98,94,95,95,94
13,Alexandria Frye,90,94,93,92,95,92
14,Brady Vaughn,88,90,86,89,90,92
15,Colin Houston,86,88,86,90,88,85
16,Trinity Smith,90,93,92,91,92,91
17,Elisabeth Wells,93,93,89,93,91,93
18,Gerardo Collins,89,89,87,88,89,89
19,Laylah Grimes,92,92,93,94,91,92
20,Jaida Cummings,90,89,90,90,92,90
21,Kaleigh Lawson,91,91,92,93,86,88
22,Cecilia Patrick,88,87,90,90,86,86
23,Javon Weeks,88,87,90,86,89,91
24,Harper Long,98,95,95,96,93,92
25,Brittany Stephenson,86,86,85,84,87,86
26,Deon Soto,89,87,90,90,88,89
27,Leila Bender,89,89,87,90,88,90
28,Iyana Ellis,92,89,91,90,86,89
29,Ariel Foley,88,87,92,89,93,90
30,Tiffany Charles,88,88,87,87,89,87
31,Demarcus Lawrence,88,84,85,86,87,88
32,Savannah James,86,89,89,92,92,91
33,Frida Vincent,87,87,88,91,92,90
34,Savanna Mcfarland,86,88,87,88,87,88
35,Travis Willis,89,88,87,88,85,86
36,Hunter Gillespie,86,87,84,85,87,86
37,Jagger Glover,89,88,88,89,87,87
38,Diya Bradford,87,86,88,87,88,87
39,Abbey Morgan,88,88,88,88,86,88
40,Junior Sellers,90,91,90,91,94,91
41,Brogan Bruce,92,90,89,86,88,92
42,Dayanara Frederick,94,91,90,88,92,91
43,Kayleigh Bean,88,87,91,90,90,90
44,Konner Turner,92,90,91,91,89,89
45,Demarion Curtis,84,89,85,85,86,86
46,Eden Bond,91,90,91,89,87,91
47,Roselyn Mcdaniel,88,90,89,86,89,88
48,Braylon Ballard,87,86,88,90,88,87
49,Paxton Braun,87,87,87,85,87,86
50,Bria Salas,92,90,89,87,93,91
51,Saige Townsend,90,88,89,88,91,90
52,Kolby Mcguire,93,92,91,87,92,89
53,Alondra Hensley,96,99,98,100,94,95
54,Autumn Velazquez,86,86,90,90,93,92
55,Jairo Moses,94,92,95,90,89,94
56,Case Norton,84,88,84,91,86,85
57,Jamarion Barr,90,89,88,88,90,90
58,Steve Carney,87,86,92,86,92,89
59,Carter Proctor,90,89,90,90,88,89
60,Caleb Noble,90,91,89,91,94,91
61,Mike Hess,88,89,89,87,88,91
62,Marcel Mitchell,93,91,89,93,91,90
63,Danna White,93,93,91,92,90,90
64,Roberto Gomez,91,86,89,88,88,89
65,Kaeden Rodriguez,89,91,88,92,90,92
66,Gilbert Brady,90,86,93,94,90,93
67,Corbin Riggs,90,90,85,85,86,89
68,Gianna Hood,91,93,87,87,90,87
69,Sammy Fitzgerald,90,90,92,88,91,92
70,Taniya Dunn,91,93,90,89,90,88
71,Maren Harrington,92,94,93,88,89,89
72,Reagan Sanchez,90,90,86,89,91,92
73,Amani Black,94,92,89,91,91,92
74,Naomi Foster,94,93,88,94,94,94
75,Uriah Watkins,86,86,88,86,86,90
76,Todd Carey,87,89,89,88,87,84
77,Janelle Horn,92,93,90,91,89,92
78,Walker Frey,90,88,90,88,91,88
79,Quintin Moss,92,93,93,91,95,95
80,Jaylah Velez,90,86,87,87,85,84
81,Maci Pacheco,86,85,84,86,84,83
82,Georgia Grant,89,89,92,88,89,91
83,Robert Irwin,89,92,92,91,93,93
84,Rowan Murray,89,90,88,87,87,90
85,Elyse Mullen,92,92,88,90,89,90
86,Kamora Obrien,89,92,93,91,89,91
87,Marie Berg,89,92,89,86,91,91
88,Morgan Graves,87,85,81,85,86,87
89,Macy Gardner,87,85,88,90,90,91
90,Agustin Koch,93,94,91,92,94,93
91,Milton Ryan,92,91,86,89,87,90
92,Turner Bird,85,85,88,89,86,86
93,Ayana Colon,87,88,90,89,88,88
94,Hailee Solomon,92,92,92,88,90,89
95,Jaime Donovan,89,89,90,92,91,93
96,Braelyn Riley,86,85,92,90,88,89
97,Semaj Alexander,89,87,90,93,90,89
98,Melvin Short,85,86,87,86,81,80
99,Kaylie Bush,90,89,88,90,92,95
100,Jason Leonard,91,94,92,93,92,91
101,Stephany Livingston,89,91,86,92,89,89
102,Phoebe Mckenzie,91,90,90,85,91,92
103,Lila Hale,89,92,91,90,91,95
104,Molly Stone,88,88,87,89,91,90
105,Sydnee Romero,85,84,88,89,90,88
106,Lana Cain,91,92,91,91,89,88
107,Phoenix Vance,92,92,91,89,89,89
108,Halle Hall,91,93,89,86,91,91
109,Janiyah Morrison,85,87,89,88,85,89
110,Laurel Spence,88,86,88,88,86,91
111,Izaiah Conrad,89,90,87,86,88,88
112,Jasper Greer,86,83,85,88,86,86
113,Korbin Gordon,84,85,85,89,86,87
114,Sharon Olsen,91,90,89,93,89,89
115,Kyra Lowery,87,88,92,88,90,91
116,Raina Hawkins,91,90,91,87,89,88
117,Arjun Church,89,91,93,91,91,93
118,Lorenzo Hanna,90,91,91,89,92,90
119,Francesca Kennedy,89,90,88,85,88,83
120,Uriel Blevins,89,89,86,89,89,89
121,Donovan Ramos,84,84,84,84,84,84
122,Ireland Wu,86,87,86,87,87,85
123,Devin Sawyer,91,89,92,87,91,92
124,Sofia Brown,89,88,92,90,91,94
125,Kallie Bentley,86,88,89,90,91,94
126,Nia Huber,93,95,93,94,93,91
127,Ismael Tanner,96,94,92,93,95,93
128,Arturo Levine,87,86,91,89,89,86
129,Santos Parsons,89,88,88,88,90,89
130,Jayleen Jennings,93,94,94,93,91,92
131,Annabella Spears,85,83,85,85,85,83
132,Wade Roach,82,84,90,87,87,85
133,Miranda Cohen,87,86,89,91,91,92
134,Alexis Archer,85,85,82,87,85,85
135,Isiah Ferguson,94,92,90,94,93,93
136,Rowan Blankenship,93,92,94,94,92,93
137,Kamila Sandoval,93,91,90,90,93,96
138,Fisher Hebert,88,90,87,84,88,88
139,Marquis Farley,92,91,88,89,87,87
140,Darion Mayo,86,86,86,93,89,87
141,Jaydan Best,88,88,89,87,85,89
142,Krista Rice,91,89,93,89,89,86
143,Laci Kent,95,92,89,92,93,95
144,Eve Stanton,92,93,91,95,90,90
145,Matthew Sanders,92,93,94,91,93,96
146,Nathaly Stokes,98,99,93,96,92,92
147,Ellis Haley,90,89,87,89,87,89
148,Kendrick Dyer,93,95,94,93,95,92
149,Colby Garza,88,87,89,87,89,88
150,Amare Bennett,87,84,90,86,86,86
151,Ada Carrillo,85,86,76,67,58,63
152,Keshawn Deleon,90,91,80,67,51,57
153,Rafael Chan,85,88,78,65,57,61
154,Nathaniel Ball,85,89,76,65,58,62
155,Annabelle Armstrong,77,79,76,60,61,64
156,Johan Hart,86,88,76,68,59,60
157,Adeline Holmes,83,83,78,69,56,62
158,Holly Garrett,82,84,78,72,57,63
159,Jax Robertson,86,90,77,71,57,62
160,America Newman,83,83,77,65,60,65
161,Esperanza Sparks,81,80,73,68,57,63
162,Colton Mccormick,90,90,79,65,55,59
163,Gemma Cruz,82,85,81,69,56,62
164,Drew Harmon,83,84,79,68,55,58
165,Ingrid Schmidt,84,88,82,73,61,62
166,Summer Jarvis,89,89,77,67,53,54
167,Maddox Craig,86,88,77,67,57,61
168,Amiah Duffy,89,87,80,67,53,55
169,Bailey Curry,85,88,83,66,60,64
170,Gina Wood,84,84,83,65,62,68
171,Scott Blackwell,85,84,79,65,56,60
172,Nayeli Hendricks,88,88,81,68,53,58
173,Lilyana Hickman,84,85,80,67,63,62
174,Kylee Woods,84,85,80,71,59,60
175,Lee Roth,88,87,84,69,58,65
176,Adonis Sanford,89,92,83,71,57,61
177,Branson Delacruz,83,84,79,63,59,63
178,Saul Cline,86,84,82,70,57,62
179,Jaylan Chavez,78,79,73,67,61,64
180,Izabelle Chaney,81,83,74,67,56,63
181,Kathryn Shepard,86,87,80,71,61,63
182,Aylin Tate,85,89,81,70,60,61
183,Dayton Elliott,81,82,78,60,63,66
184,Julissa West,80,80,77,69,66,70
185,Paityn Camacho,83,84,83,72,63,66
186,Destinee Ward,77,83,76,68,61,64
187,Darwin Osborne,84,86,77,67,58,60
188,Craig Alvarado,80,84,75,68,58,63
189,Neil Huang,82,85,76,64,59,62
190,Cristopher Chapman,91,91,83,71,54,56
191,Leanna May,83,85,79,67,62,61
192,Reginald Russo,87,89,82,64,60,63
193,Ashlee Jenkins,84,85,73,64,55,61
194,Ann Figueroa,84,87,75,68,58,59
195,Mikaela Mann,82,83,79,69,61,65
196,Chandler Fischer,83,88,80,67,57,63
197,Giana Orozco,85,87,75,70,60,60
198,Ariel Hammond,86,85,80,66,59,61
199,Katie Banks,90,91,77,70,51,57
200,Aidyn Brooks,83,85,77,69,58,62
201,Kadence Holland,84,86,72,69,54,59
202,Aliana Miles,83,84,78,66,62,65
203,Damion Chung,79,86,81,72,55,57
204,Leia Larsen,87,88,83,68,61,66
205,Brice Hunter,87,84,80,66,58,61
206,Melanie Cisneros,85,87,78,71,61,62
207,Cortez Hoffman,86,90,80,68,55,60
208,Roger Forbes,91,92,77,65,51,57
209,Leonel Fernandez,86,89,82,69,56,58
210,Lorena Wolfe,82,83,77,69,62,68
211,Douglas Stanley,87,88,82,70,57,62
212,Destiney Ferrell,85,84,76,66,53,57
213,Izabella Day,84,81,79,70,59,62
214,Lane Valencia,88,90,82,64,54,59
215,Ivy Gray,86,87,78,66,56,63
216,Sabrina Mcknight,90,89,82,71,58,63
217,Guadalupe Morrow,84,88,77,62,54,58
218,Porter Anderson,92,94,81,70,51,54
219,Trace Pruitt,85,87,77,64,54,59
220,Madalyn Castillo,89,92,78,70,58,59
221,Stanley Burnett,86,88,81,72,55,62
222,Monserrat Carlson,86,87,80,75,56,59
223,Mckayla Parrish,79,81,76,77,60,67
224,Jadyn Burton,83,88,76,64,55,60
225,Kaydence Stevens,84,88,81,73,59,62
226,Maverick Steele,85,86,82,70,62,66
227,Ruby Shelton,90,96,81,66,53,57
228,Romeo Odom,84,88,81,62,56,60
229,Dustin Branch,81,83,79,68,60,64
230,Aydan Mcmahon,85,86,75,72,61,63
231,Cecelia Austin,88,88,82,63,53,57
232,Shaylee Wiley,84,84,80,72,59,67
233,Trevon Gross,82,83,81,66,61,64
234,Zion Barron,83,86,79,66,52,56
235,Quincy Yates,83,86,81,69,60,65
236,Paulina Andrade,86,89,80,67,53,62
237,Jermaine Michael,86,87,77,72,56,60
238,Emmanuel Evans,83,87,86,71,60,61
239,Darrell Mora,86,87,78,69,60,62
240,Kimberly Maldonado,83,88,78,66,57,60
241,Emily Butler,83,85,81,71,64,70
242,Samantha Lang,83,90,78,68,59,63
243,Javier Hahn,85,83,77,66,61,66
244,Maya Mckinney,82,84,78,71,56,62
245,Addyson Harrell,83,87,79,65,58,61
246,Jamir Crosby,85,86,80,74,56,60
247,Aaron Cochran,85,86,76,65,57,61
248,Felipe Harper,85,84,77,63,53,57
249,Graham Henderson,88,89,77,66,57,60
250,Lindsey Downs,88,88,81,71,59,63
251,Sidney Washington,84,86,76,68,56,60
252,Meredith English,82,83,79,66,64,72
253,Richard Matthews,83,85,79,65,59,62
254,Maryjane Chase,90,88,85,69,63,71
255,Emery Simmons,84,85,77,65,55,61
256,Aron Logan,84,88,81,66,59,62
257,Lyla Larson,83,85,76,70,59,60
258,Alvin Villarreal,86,88,82,66,59,57
259,Corinne Hernandez,84,84,79,69,60,63
260,Addison Jacobs,85,89,78,69,52,57
261,Abbie Powell,87,88,79,66,58,57
262,Nancy Hayes,83,88,79,70,53,57
263,Ayden Garrison,86,87,77,66,54,61
264,Elliana Kaufman,82,86,80,62,58,64
265,Brenton Robles,89,91,79,66,58,58
266,Randall Frost,87,89,85,68,56,60
267,Nina Blanchard,85,88,79,64,58,64
268,Rose Myers,84,86,79,64,58,64
269,Ronan Conley,88,87,82,65,56,54
270,Jack Sosa,80,85,78,67,60,64
271,Kirsten Jefferson,82,87,78,66,59,62
272,Aimee Finley,91,92,81,66,56,60
273,Justine Wheeler,87,88,83,65,57,63
274,Brock Odonnell,92,95,81,70,56,59
275,Anastasia Arias,88,88,81,68,57,60
276,Sam Byrd,87,88,80,67,53,59
277,Ramon Avila,85,86,78,64,54,57
278,Haven Wallace,83,87,79,70,58,59
279,Camilla Padilla,83,84,83,70,59,65
280,Carlie Flores,85,84,80,69,55,62
281,Anika Kerr,81,80,75,70,62,65
282,Philip Mckay,82,81,74,66,61,65
283,Brooks Bartlett,83,85,79,68,56,64
284,Joslyn Sloan,84,88,85,70,57,62
285,Carleigh Good,79,82,76,61,55,63
286,Kailey Carpenter,87,89,79,75,56,61
287,Danielle Rodgers,82,85,75,68,63,67
288,Warren Barrett,83,88,77,70,51,54
289,Jolie Fritz,85,88,76,64,55,58
290,Jaslene Daniel,83,85,78,64,60,62
291,Remington Maddox,80,82,76,67,61,65
292,Camila Roy,89,90,82,67,55,60
293,Teagan Singh,86,86,80,67,59,63
294,Lia Mccann,82,82,77,71,60,63
295,Caitlin Munoz,85,86,76,63,56,57
296,Kiara Perry,83,86,84,72,56,59
297,Shayla Bass,87,88,79,68,61,64
298,Jane Rasmussen,86,89,80,70,52,56
299,Chance Beltran,86,86,79,68,55,61
300,Brenna Marks,90,88,78,72,54,57
301,Derick Robbins,87,86,81,60,55,59
302,Theodore Harris,90,88,79,67,53,56
303,Jaydon Reese,81,82,73,64,58,62
304,Hugh Bailey,85,90,83,71,58,63
305,Dania Gill,90,94,81,69,52,58
306,Maddison Clements,88,89,80,64,54,59
307,Emmy Maynard,83,84,78,71,62,63
308,Jesse Oliver,81,84,77,66,63,63
309,Leyla Barber,80,82,76,67,57,62
310,Braiden Weaver,86,87,77,66,60,63
311,Noah Bowman,85,85,79,61,58,61
312,Kendall Cooley,84,85,80,67,58,63
313,Hillary Snyder,89,87,77,70,57,64
314,Jazlene Cooper,89,91,80,68,56,60
315,Rolando Kaiser,87,88,79,67,57,59
316,Jade Navarro,84,86,77,67,55,62
317,Giovanni Shaw,88,90,78,67,57,61
318,Amaris King,84,87,78,70,57,61
319,Kelsey Rowland,78,83,73,70,66,69
320,Carlo Suarez,85,88,79,67,54,60
321,Keira Abbott,83,84,74,63,59,58
322,Cedric Dixon,83,88,75,66,53,57
323,Cheyanne Pham,78,79,77,65,68,70
324,Theresa Leon,81,85,77,63,57,59
325,Lyric Burke,85,87,78,74,60,63
326,Jordyn Kidd,89,88,79,70,56,62
327,Larissa York,82,88,78,67,63,64
328,Eliza Wagner,89,90,77,70,55,60
329,Jovani Hughes,83,84,79,70,60,64
330,Lamar Shaffer,84,87,79,71,58,60
331,Rory Mcintyre,83,86,77,65,54,59
332,Jared Vega,84,86,81,69,60,63
333,Colt Reilly,88,89,80,69,55,58
334,Tatiana Combs,82,85,81,71,59,64
335,Alyson Blake,81,84,75,68,60,62
336,Cloe Gould,83,85,80,67,57,62
337,King Scott,85,86,81,67,64,68
338,Jaidyn Woodard,92,92,79,67,51,59
339,August Giles,86,89,81,64,58,62
340,Maria Watts,84,86,77,65,60,64
341,Cesar Gonzalez,84,88,76,69,55,62
342,Bryce Werner,84,86,81,68,58,63
343,Emmalee Sharp,86,87,79,66,52,54
344,Spencer Berger,87,88,78,71,59,58
345,Jair Nunez,84,82,76,68,62,67
346,Layne Reyes,80,82,78,64,59,58
347,Desirae Franklin,90,90,82,72,56,59
348,Celia Stevenson,82,84,79,68,59,62
349,Jeremy Sutton,88,88,82,68,58,63
350,Marissa Walker,89,89,76,73,53,60
351,Patience Gregory,80,83,77,64,61,65
352,Fiona Humphrey,80,85,82,66,60,65
353,Kenya Diaz,85,84,79,67,54,58
354,Alena Sullivan,86,92,81,70,57,64
355,Maxwell Bonilla,88,89,76,66,54,58
356,Carolina Peters,83,86,76,65,56,55
357,Mckenna Hayden,81,86,81,69,56,61
358,Geovanni Todd,84,86,75,69,55,60
359,Mareli Ayers,87,89,77,61,57,59
360,Kason Estrada,86,89,81,68,58,62
361,Brycen Shea,86,85,78,68,61,66
362,Damien Lam,87,88,81,73,57,60
363,Esther Mcgee,86,89,77,73,57,59
364,Alisson Rich,83,86,75,61,58,62
365,Jerome Oconnor,90,90,80,65,57,61
366,Cristina Baird,83,83,84,70,62,68
367,Isaiah Paul,84,86,80,71,58,63
368,Markus Golden,79,81,72,67,63,64
369,Dario Lozano,84,84,77,66,62,66
370,Dayana Conner,90,90,78,64,58,58
371,Amy Powers,85,87,81,73,54,62
372,Erica Daniels,87,87,87,70,57,60
373,Krystal Taylor,82,86,79,70,62,62
374,Sullivan Stafford,85,83,75,67,60,63
375,Chanel Hodge,83,85,82,66,60,62
376,Zain Mejia,89,87,77,70,54,58
377,Jayce Goodman,88,91,80,69,56,59
378,Erik Bauer,81,79,79,67,56,63
379,Charlotte Miranda,85,86,80,70,61,64
380,Emilia Drake,84,87,79,67,56,60
381,Cohen Pollard,88,91,79,67,55,60
382,Haleigh Hanson,87,87,82,66,55,60
383,Gabriel Nielsen,88,91,84,67,59,63
384,Brody Rocha,84,86,76,65,56,61
385,Avah Kelley,88,91,83,69,59,63
386,Jefferson Green,84,86,77,60,64,67
387,Cornelius Wilkinson,89,90,81,64,52,55
388,Nylah Benson,83,87,74,71,59,61
389,Daphne Terrell,83,83,83,69,60,63
390,Gage Collier,88,90,82,73,56,58
391,Noel Warner,85,85,75,73,60,65
392,Clarence Burns,86,86,81,65,58,61
393,Lena Cabrera,84,88,80,62,60,64
394,Orlando Ford,85,88,77,71,53,59
395,Brisa Sheppard,83,87,78,74,53,59
396,Nicolas Frank,82,84,81,65,56,62
397,Maritza Davenport,84,85,79,68,58,62
398,Coleman Melendez,83,87,82,68,59,62
399,Quinn Huerta,84,85,75,70,60,65
400,Kiera Lynn,85,84,81,65,59,66
401,Karly Macdonald,81,80,75,66,58,65
402,Muhammad Patterson,85,86,75,65,57,60
403,Litzy Tyler,85,88,81,68,57,64
404,Aria Miller,86,87,80,63,57,60
405,Emilio Madden,84,86,79,69,56,58
406,Amirah Mcdonald,87,88,83,68,59,64
407,Dale Marsh,79,80,80,65,65,68
408,Julius Orr,84,88,81,71,59,65
409,Marc Becker,88,90,77,65,56,55
410,Seth Marquez,88,86,82,73,58,63
411,Tessa Roberson,84,85,79,64,61,62
412,Mitchell Ramsey,85,84,80,65,56,61
413,Clay Benitez,80,84,81,66,60,66
414,Jabari Brandt,86,91,77,71,54,59
415,Kaya Raymond,87,89,79,62,56,61
416,Giovani Freeman,79,84,82,60,61,68
417,Yamilet House,85,87,76,64,61,65
418,Jaxon Hull,87,90,78,69,58,64
419,Wesley Yu,81,83,75,64,55,63
420,Dixie Mendoza,85,86,78,72,58,62
421,Andres Norman,90,88,79,68,55,61
422,Jaden Khan,80,83,77,72,56,59
423,Zaire Santiago,85,85,78,75,57,59
424,Zayden Ibarra,84,89,77,73,62,67
425,Jan Hendrix,83,83,77,69,57,60
426,Talon Yang,87,90,81,69,58,63
427,Axel Carroll,88,88,78,70,57,60
428,Johanna Pope,89,93,75,68,52,58
429,Rayan Davidson,83,85,77,61,55,60
430,Isabell Juarez,89,89,80,68,55,61
431,Garrett Randall,87,86,81,67,56,60
432,Alison Atkinson,87,89,78,71,55,60
433,Osvaldo Burch,84,85,78,66,57,63
434,Erin Williams,86,88,75,69,57,62
435,Franklin Martin,84,87,78,66,55,59
436,Crystal Nixon,85,87,78,70,52,58
437,Tess Wilcox,90,89,83,73,56,58
438,Anderson Herrera,79,82,71,63,60,65
439,Imani Costa,85,89,78,63,59,62
440,Denzel Gentry,83,85,82,67,60,64
441,Carolyn Dean,87,88,74,65,55,60
442,Lily Hines,87,92,82,67,64,66
443,Braydon Morton,81,84,79,67,60,64
444,Lizbeth Rowe,83,85,82,65,61,64
445,Helen Warren,84,86,76,73,58,63
446,Marques Johnston,88,89,79,68,58,63
447,Natalia Cooke,84,86,73,71,55,59
448,Angelo Murphy,88,91,81,66,57,62
449,Rachael Jackson,85,87,81,70,62,65
450,Zaria Mcdowell,85,85,80,67,58,59
451,Jude Yoder,82,83,80,64,67,73
452,Finley Mays,82,90,81,75,59,62
453,Alma Dennis,79,83,73,64,59,64
454,Arely Mcclain,84,87,75,68,52,60
455,Marely Eaton,81,83,74,60,62,68
456,Alexander Silva,86,89,84,68,61,65
457,Dominique Welch,84,86,77,67,61,61
458,Jonathan Buchanan,85,87,75,66,54,57
459,Janet Gallegos,87,88,75,71,55,62
460,Iris Peck,86,89,77,68,54,63
461,Tobias Delgado,83,86,80,64,55,58
462,Rhett Phillips,86,87,79,73,62,65
463,Leilani Lin,87,86,80,72,56,61
464,Israel Dickerson,80,84,78,67,55,60
465,Chasity Stewart,83,86,77,67,57,63
466,Rudy Goodwin,84,88,82,67,61,65
467,Reece Rivera,88,92,84,66,58,64
468,Clare Daugherty,89,92,81,64,56,60
469,Coby Leach,85,84,82,70,59,64
470,Yadira Clayton,87,86,82,68,55,62
471,Susan Ashley,83,89,78,69,61,66
472,Shea Waters,86,84,80,65,58,62
473,Gustavo Keller,86,88,77,67,62,64
474,Vanessa Dominguez,81,84,75,65,55,60
475,Savanah Blair,79,82,77,68,62,64
476,Isai Joyce,85,87,78,67,52,57
477,Lizeth Cox,82,83,79,71,56,61
478,Brooklynn Garner,87,90,78,65,57,63
479,Viviana Shields,86,88,81,63,56,58
480,Bridger Kirby,86,88,76,66,54,55
481,Johnathon Liu,88,90,79,70,55,56
482,Finley Mcclure,78,82,69,68,56,60
483,Gavin Carr,90,88,77,78,59,62
484,Frances Barnett,80,86,78,67,60,62
485,Joanna Duarte,84,87,76,60,56,61
486,Natalie Weber,81,81,72,72,58,59
487,Payton Stephens,83,84,78,68,58,61
488,Erick Merritt,87,88,82,64,54,59
489,Aliya George,87,90,83,65,57,62
490,Leslie Barnes,87,87,78,64,55,59
491,Ashlynn Torres,83,85,81,69,58,61
492,Justus Mendez,88,85,79,73,59,66
493,Princess Savage,86,93,83,66,54,56
494,Kira Sherman,87,87,77,69,60,63
495,Owen Pierce,87,86,82,68,62,67
496,Aidan Everett,86,86,75,64,59,61
497,Kendal Benjamin,84,87,80,69,59,61
498,Trevin Sims,82,83,79,68,60,63
499,Amara Norris,87,90,82,69,60,62
500,Nikolai Hartman,87,88,81,70,55,57
501,Shamar Schroeder,81,86,80,66,55,61
502,Beckham Campbell,84,85,74,66,54,56
503,Sienna Lara,82,87,73,72,57,60
504,James Simpson,86,90,76,64,51,52
505,Celeste Ware,81,83,78,68,61,64
506,Anna Coffey,87,93,75,63,56,56
507,Noelle Meyers,86,89,81,66,53,58
508,Jeremiah Gutierrez,84,87,79,65,58,64
509,Franco Hicks,81,82,74,68,59,61
510,Drake Simon,82,86,85,72,60,64
511,Ralph Ross,82,82,75,68,60,63
512,Sariah Conway,82,85,75,68,58,63
513,Eileen Osborn,87,92,80,68,54,59
514,Bennett Christensen,88,90,77,68,52,57
515,Cruz Wolf,83,84,75,68,60,65
516,Gloria Lambert,88,88,76,72,51,58
517,Carley Vaughan,85,88,76,64,56,58
518,Gary Ellison,84,88,77,65,60,62
519,Allyson Webster,90,91,83,67,54,58
520,Deacon Cole,87,88,75,69,55,58
521,Hadley Dickson,83,85,75,70,61,65
522,Selena Reed,84,88,77,65,56,60
523,Alessandra Cobb,86,89,82,72,60,61
524,Kenny Underwood,88,89,82,75,57,61
525,Dashawn Hurst,82,85,77,69,59,63
526,Ezra Mooney,84,85,77,71,54,59
527,Janae Holt,81,84,79,69,60,60
528,Danika Cantu,85,87,78,69,56,61
529,Landen Wang,85,86,79,69,56,57
530,Soren Rubio,87,86,77,66,58,61
531,Lorelai Schmitt,84,83,77,66,57,59
532,Houston Caldwell,87,90,82,65,56,58
533,Kaylah Boyd,85,85,77,64,64,64
534,Jaydin Vargas,84,87,82,69,62,65
535,Payton Villegas,85,87,82,69,61,64
536,Mackenzie Pace,85,87,79,67,57,57
537,Alice Contreras,86,89,80,68,53,61
538,Perla Cook,84,84,75,68,60,62
539,Tyson Lewis,88,89,80,68,55,58
540,Ricardo Herman,80,83,77,67,58,62
541,Brayan Atkins,87,91,78,65,58,60
542,Janiya Bolton,88,88,78,70,53,56
543,Avery Ruiz,87,91,80,69,57,63
544,Erika Case,86,86,81,69,55,61
545,Catalina Saunders,81,82,78,66,59,63
546,Rohan Tapia,80,81,75,66,59,65
547,Ayla Dougherty,87,90,78,71,58,63
548,Mylee Wilkerson,86,87,81,70,56,63
549,Armando Lyons,85,88,82,67,57,64
550,Veronica Decker,81,83,79,68,59,63
551,Emilee Novak,61,63,70,79,83,89
552,Chana Lopez,53,59,70,83,89,92
553,Nickolas Porter,60,65,73,82,87,92
554,Karley Malone,55,59,75,80,88,93
555,Sarahi Lane,55,57,65,76,81,83
556,Judith Monroe,59,62,71,77,84,87
557,Kayla Tran,55,63,74,84,87,92
558,Tamia Mullins,53,59,73,88,86,90
559,Camille Hutchinson,54,57,67,84,84,89
560,Raquel Rojas,57,63,72,80,87,91
561,Melina Hoover,56,61,73,79,86,92
562,Salvador Parker,54,59,78,82,87,92
563,Jacey Riddle,54,60,69,83,86,91
564,Harmony Lutz,59,63,72,82,87,92
565,Humberto Davis,52,53,71,86,85,92
566,Tate Cortez,53,58,73,75,88,92
567,Jordan Bryant,62,65,76,77,86,88
568,Renee Hampton,57,61,73,76,88,93
569,Lainey Hooper,57,63,75,82,86,89
570,Mylie Doyle,53,60,72,81,93,97
571,Wilson Swanson,57,61,74,79,87,91
572,Gia Kramer,53,57,74,84,90,93
573,Alannah Faulkner,56,62,73,78,90,93
574,Valeria Rivers,62,64,77,82,86,91
575,Tristin Thornton,62,64,75,77,85,88
576,Kingston Carter,57,61,72,81,86,92
577,Finn Peterson,53,59,64,72,89,90
578,Alana Little,52,55,76,79,89,93
579,Luciano Buckley,55,61,70,78,88,94
580,Reilly Huynh,53,59,73,78,84,86
581,Kellen Huffman,58,64,73,83,94,96
582,Darian Gonzales,51,55,70,76,92,96
583,Thaddeus Fox,59,62,73,80,85,90
584,Lea Wall,52,59,73,77,86,94
585,Kathleen Walter,57,64,70,81,86,93
586,Kayden Mclean,62,64,68,81,85,91
587,Blaze Hurley,56,62,75,84,90,95
588,Jaquan Nelson,56,60,73,79,93,95
589,Gisselle Mahoney,55,59,71,82,89,93
590,Mohammad Roman,56,62,70,77,84,89
591,Charlie Terry,54,59,66,80,87,92
592,Kendra Henson,54,60,72,77,85,92
593,Maleah Casey,62,68,75,85,83,86
594,Nelson Parks,57,58,77,82,86,94
595,Callie Campos,57,62,74,83,80,88
596,Madelynn Thompson,61,63,71,83,87,92
597,Alissa Brennan,56,61,78,80,88,92
598,Will Clay,59,66,76,82,83,85
599,Jayvon Howell,59,64,80,83,91,95
600,Ally Travis,61,64,74,80,84,90
601,Yandel Key,56,63,73,83,92,94
602,Katelynn Patton,57,61,69,82,82,89
603,Lilianna Sampson,55,61,75,84,91,95
604,Mark Preston,54,57,67,79,84,91
605,Priscilla Mccoy,54,56,71,86,86,93
606,Cassandra Dawson,57,62,72,81,89,93
607,Kassandra Solis,54,59,69,81,86,88
608,Marisol Knight,52,59,73,80,88,94
609,Jaelynn Shah,54,58,71,84,90,93
610,Slade Kim,53,58,71,76,90,93
611,Kael Rollins,58,62,72,81,86,91
612,Emerson Perez,55,59,73,77,85,89
613,Aiyana Mcgrath,58,61,64,81,81,88
614,Jazmin Medina,56,59,68,82,84,90
615,Wyatt Ali,57,59,72,81,91,94
616,Quentin Booker,55,62,68,81,86,93
617,Jayda Wiggins,52,57,72,80,94,99
618,Jillian Salinas,58,62,73,80,82,85
619,Dorian Crane,61,67,78,80,84,90
620,Quinten Dodson,54,59,71,83,88,92
621,Shania Keith,58,63,68,81,85,95
622,Alexis Bautista,52,57,70,81,87,90
623,Glenn Bryan,56,61,73,83,88,90
624,Valentina Calderon,55,58,71,82,86,90
625,Nathan Salazar,56,66,72,85,87,95
626,Virginia Cross,51,58,71,81,89,93
627,Kamren Jordan,52,57,69,79,86,88
628,Enrique Owen,54,60,71,76,85,90
629,Phoenix Dorsey,55,60,76,78,85,90
630,Royce Aguilar,55,59,74,81,90,93
631,Karen Neal,56,61,65,73,84,86
632,Elijah Ritter,58,63,76,78,87,92
633,Ansley Santana,59,64,76,80,87,90
634,Jayden Summers,62,66,76,84,84,92
635,Lewis Reeves,56,58,72,83,85,91
636,Arianna Prince,56,60,67,79,87,95
637,Jean Valentine,52,56,72,79,91,96
638,Anabelle Page,54,58,70,84,87,88
639,Jayvion Wright,53,56,73,79,86,92
640,Rishi Mcconnell,56,63,69,80,88,90
641,Amina Flowers,52,59,67,75,91,93
642,Maliyah Richard,56,61,74,86,85,90
643,Kai Moody,55,59,73,84,86,92
644,Zaniyah Johnson,53,60,66,72,83,87
645,Amari Gilmore,58,62,75,80,84,86
646,Kareem Cannon,55,61,70,76,82,86
647,Grady Macias,57,65,75,79,91,95
648,Alicia Durham,55,61,63,81,83,87
649,Odin Mercer,53,58,70,75,86,93
650,Marshall Stout,55,59,72,80,90,93
651,Zachary Kemp,57,57,72,79,87,93
652,Esmeralda Rose,56,60,70,80,88,92
653,Kameron Richmond,54,57,71,78,88,91
654,Karma Castaneda,54,62,72,75,86,89
655,Emanuel Bright,57,64,74,75,83,91
656,Dallas Young,58,62,73,80,85,89
657,Irene Bray,53,57,69,80,86,91
658,Valerie Chambers,54,60,73,77,87,89
659,Raul Mclaughlin,51,55,69,74,91,96
660,Adyson Bradshaw,56,59,66,81,84,88
661,Angel Rhodes,53,57,73,75,88,93
662,Rodrigo Baldwin,52,57,70,81,87,90
663,Jamari Serrano,58,61,71,82,87,93
664,Belen Hardin,56,60,72,80,89,92
665,Riley Walton,57,62,70,80,86,89
666,Ali Kane,60,66,78,82,86,88
667,Cherish Rangel,59,62,75,83,90,94
668,Ashly Skinner,50,60,72,80,86,91
669,Abigayle Wade,53,59,71,79,86,92
670,Conner Palmer,56,60,72,80,84,91
671,Jayla Brewer,54,60,74,81,86,90
672,Leonard Haney,61,66,77,82,85,88
673,Evie Mayer,51,55,68,75,88,92
674,Asher Acevedo,54,59,72,80,87,91
675,Madeleine Bradley,57,61,73,83,88,92
676,Madilynn Heath,56,60,72,85,85,91
677,Tristen Frazier,59,65,69,82,80,83
678,Marcos Shannon,50,56,72,81,90,93
679,Luca Lynch,59,66,72,81,86,92
680,Michaela Bernard,61,64,77,82,86,88
681,Lukas Manning,53,59,70,75,88,96
682,Eduardo Wyatt,55,60,74,75,83,89
683,Jeffrey Clarke,51,55,68,76,88,93
684,Yadiel Dalton,55,62,71,76,89,92
685,Aryan Beard,53,59,69,82,85,91
686,Trystan Price,49,56,72,79,87,93
687,Kaden Zimmerman,52,58,70,80,88,92
688,Julio Cameron,56,58,70,80,86,92
689,Baron Snow,56,60,73,76,88,92
690,Shaniya Hill,52,57,72,79,89,96
691,Antoine Jensen,52,58,72,79,92,95
692,Barbara Allison,52,57,72,83,92,94
693,Bethany Rosario,54,60,70,79,87,92
694,Adrienne Fletcher,54,57,67,79,85,90
695,Alfredo Lester,50,55,69,79,86,93
696,Ciara Edwards,56,56,72,76,91,94
697,Yazmin Mcbride,53,60,66,84,89,96
698,Michael Gibbs,54,59,72,79,87,92
699,Augustus Leblanc,53,58,62,76,82,86
700,Hezekiah Melton,57,61,70,81,87,91
701,Blake Castro,56,56,71,83,90,95
702,Kolten Fowler,60,63,69,87,82,86
703,Cristofer Oconnell,56,61,77,79,87,89
704,Randy Ochoa,61,66,75,77,84,86
705,Moshe Meadows,57,61,66,80,86,92
706,Heidy Poole,51,60,72,81,90,93
707,Katherine Mueller,50,57,69,80,86,94
708,Toby Lloyd,57,61,71,78,89,93
709,Estrella Chen,57,62,71,84,89,93
710,Marco Duke,58,60,73,78,85,91
711,Alanna Ayala,63,63,73,84,80,84
712,Makai Bowers,57,59,77,82,83,91
713,Jamarcus Lee,48,55,63,78,86,87
714,Mina Weiss,60,66,74,88,82,87
715,Breanna Randolph,57,61,76,81,89,94
716,Immanuel Andersen,55,60,70,76,84,91
717,Landon Bell,54,59,73,77,87,92
718,Luciana Pennington,57,60,71,82,81,85
719,Mollie Horton,53,60,75,85,88,91
720,Emiliano Lindsey,51,57,73,76,85,89
721,Lillian Park,54,59,72,76,87,93
722,Josh Olson,52,64,70,79,89,90
723,Ben Strong,58,63,74,82,88,93
724,Carina Maxwell,58,61,72,79,84,87
725,Kaiden Mosley,50,57,72,76,91,96
726,Jacob Krueger,53,60,67,76,87,92
727,Simeon Strickland,57,59,70,81,89,92
728,Gordon Shepherd,56,65,68,80,83,89
729,Aliyah Carson,54,59,73,82,89,94
730,Tyree Kline,57,62,71,79,82,86
731,Marlee Payne,59,63,74,80,89,91
732,Karter Browning,56,59,73,79,92,96
733,Joaquin Middleton,51,58,71,75,91,97
734,Titus Griffin,61,65,71,83,86,90
735,Rylie Velasquez,55,62,72,78,83,88
736,Jakob Mercado,55,59,72,83,85,90
737,Josiah Ortega,61,66,73,87,83,91
738,Monica Barker,59,62,71,80,87,92
739,Rosa Sexton,58,66,72,79,90,92
740,Sonia Cherry,54,61,71,80,76,83
741,Alyssa Nichols,60,63,74,83,91,94
742,Kennedi Haynes,58,65,73,82,87,93
743,Delaney Lucero,54,58,71,79,82,87
744,Keenan Love,55,61,69,77,86,92
745,Xiomara Gay,60,62,69,82,84,88
746,Nathalie Massey,56,62,72,77,86,89
747,Alexia Gallagher,58,63,77,81,88,94
748,Ronald Klein,57,64,73,78,85,93
749,Fernando Winters,62,67,73,79,83,91
750,Alejandra Hamilton,53,59,74,79,91,96
751,Messiah Friedman,60,61,68,75,83,88
752,Jonas Floyd,56,60,73,84,88,92
753,Kenley Harding,58,58,76,80,89,92
754,Judah Jones,57,61,70,83,89,93
755,Gracelyn Arellano,52,60,69,82,89,94
756,Emely Pittman,58,64,75,79,80,90
757,Dane Cardenas,54,61,75,81,86,91
758,Harrison Davies,52,61,69,80,87,90
759,Mckenzie David,52,60,69,81,85,94
760,Alina Villa,52,58,68,76,88,90
761,Denisse Acosta,59,63,73,76,87,91
762,Bronson Boyle,55,58,68,78,89,98
763,Walter Esparza,57,64,71,80,89,95
764,Cassidy Fry,55,60,77,78,89,94
765,Piper Higgins,53,60,67,80,89,95
766,Layla Graham,55,61,66,76,87,91
767,Cassius Rosales,55,58,69,81,90,95
768,Emilie Jimenez,52,56,72,77,90,95
769,Braxton Hogan,56,61,66,76,83,87
770,Lillie Levy,57,61,73,79,90,92
771,Nick Richardson,52,58,67,83,88,91
772,Alessandro Nash,60,64,78,85,84,90
773,Kate Zavala,63,65,80,86,85,87
774,Jennifer Callahan,56,63,71,78,82,88
775,Carl Jacobson,50,59,66,79,87,92
776,Camron Fisher,57,61,69,85,85,89
777,Kadyn Schultz,50,57,73,81,88,93
778,Jayden Hobbs,53,58,66,81,86,93
779,Emmett Pratt,57,62,73,78,86,92
780,Marcus Brock,54,56,68,76,84,90
781,Hanna Lamb,56,65,69,77,85,92
782,Magdalena Bates,58,65,71,85,85,91
783,Jaylen Russell,59,65,76,78,86,92
784,Isla Ingram,55,62,72,77,91,92
785,Efrain Hatfield,62,67,79,83,86,92
786,Kaylyn Owens,56,64,78,83,90,97
787,Howard Cervantes,55,60,70,72,83,89
788,Kamron Guerra,50,57,69,83,89,94
789,Ariella Oneill,52,59,71,80,85,89
790,Deandre Beasley,57,62,70,85,88,94
791,Anya Meza,54,59,72,84,92,96
792,Zavier Krause,60,64,73,84,83,89
793,Reynaldo Hopkins,57,60,77,81,91,94
794,Raelynn Duran,56,59,73,77,85,91
795,Anabella Newton,54,57,71,79,83,90
796,Jadon Landry,54,57,72,84,92,96
797,Liana Morales,56,60,71,80,86,92
798,Yoselin Roberts,53,55,74,84,88,93
799,Jerry Baker,59,64,74,87,86,91
800,Peyton Mathis,54,61,73,81,86,93
801,Alfonso Andrews,56,57,69,81,85,91
802,Terry Bowen,50,57,68,84,88,96
803,Luna Martinez,54,58,75,82,92,94
804,Madden Williamson,52,57,74,78,89,94
805,Troy Cowan,56,64,73,72,79,85
806,Oliver Dunlap,56,61,70,77,89,94
807,Amelie Moore,54,59,70,86,86,90
808,Averi Hudson,54,60,75,81,88,94
809,Lilly Espinoza,53,61,73,86,85,92
810,Grayson Pugh,54,58,70,80,83,88
811,Dakota Avery,52,55,77,84,90,97
812,Keely Reynolds,59,62,70,77,89,95
813,Duncan Mccall,59,65,74,81,89,92
814,Annika Howard,55,61,70,85,87,95
815,Broderick Walsh,52,62,71,80,84,90
816,Precious Mckee,54,61,69,84,83,89
817,Ezequiel Watson,59,65,70,74,81,89
818,Brandon Lowe,61,60,69,79,85,89
819,Kiana Mills,57,58,71,78,90,93
820,Natalya Gaines,57,63,75,81,89,89
821,Elaina Schwartz,57,61,72,80,90,93
822,Melissa Small,57,62,73,85,91,94
823,Jamiya Moon,59,62,72,79,83,86
824,Cordell Cantrell,57,67,73,84,81,89
825,Christine Fuller,61,60,73,79,86,90
826,Willie Vasquez,55,58,68,77,83,88
827,Evelin Kelly,55,61,73,77,81,89
828,Ryder Perkins,57,58,72,87,87,92
829,Jaylin Walls,55,61,72,85,84,89
830,Davon Zuniga,50,57,71,75,91,94
831,Damarion Gilbert,57,62,75,82,84,91
832,Sergio Petersen,64,68,76,83,81,87
833,Zaid Spencer,57,62,69,80,90,94
834,Hazel Pitts,57,59,71,80,85,92
835,Krish Mcintosh,57,63,72,81,86,88
836,Zoey Haas,57,61,71,80,86,93
837,Juliet Wong,55,60,67,77,84,91
838,Karla Murillo,57,65,74,83,81,89
839,Carmelo Fuentes,55,61,74,76,83,88
840,Isabelle Potts,52,57,68,85,87,94
841,Pranav Flynn,54,60,71,78,88,94
842,Elena Joseph,56,60,71,78,81,89
843,Mariela Le,57,62,72,77,81,88
844,Clinton Fitzpatrick,55,64,72,86,92,94
845,Jada Moran,50,56,69,82,85,92
846,Sawyer Reid,54,59,73,82,85,92
847,Taniyah Christian,53,57,69,80,87,93
848,Yasmin Montgomery,55,61,73,83,85,91
849,Tyler Copeland,51,58,73,79,90,94
850,Giancarlo Woodward,58,63,71,82,85,90
851,Jamie Booth,56,63,70,84,92,95
852,Karina Ray,51,59,71,82,87,94
853,Finnegan Luna,57,59,77,79,88,93
854,Zayne Dillon,50,57,71,79,95,99
855,Giuliana Hays,57,62,75,86,87,88
856,Fletcher Buck,54,58,75,84,89,93
857,Ernesto Dudley,58,61,71,81,82,90
858,Itzel Ramirez,58,62,77,80,86,87
859,Rihanna Hardy,55,63,72,81,86,91
860,Jase Mason,53,57,74,80,93,95
861,Keaton Holden,53,57,73,79,89,95
862,Ernest Mccarthy,59,65,71,77,86,93
863,Kristopher Erickson,56,62,72,79,85,92
864,Hannah Berry,57,64,72,79,82,86
865,Layton Vazquez,55,59,68,82,82,89
866,Solomon Johns,56,62,71,82,86,93
867,Maggie Adkins,55,58,72,82,89,95
868,Heath Cunningham,58,63,69,80,79,84
869,Dennis Pearson,55,63,72,82,83,87
870,Joy Bullock,52,56,69,81,92,96
871,Marlene Wise,58,64,73,83,85,91
872,Deven Choi,55,57,75,75,85,95
873,Derrick Morse,54,57,72,74,89,94
874,Valentin Gamble,58,61,75,77,86,91
875,Davian Walters,58,62,71,83,88,92
876,Tyrese Blackburn,52,58,73,82,91,95
877,Clark Calhoun,56,60,71,80,84,88
878,Jaylee Hansen,56,61,72,82,87,92
879,Addisyn Hunt,56,66,68,81,82,85
880,Cara Santos,54,58,69,81,87,92
881,Andy Meyer,55,59,74,75,88,93
882,Felix Oneal,51,58,69,84,85,93
883,Beau Mcneil,58,65,80,80,89,93
884,Lauren Lucas,57,62,71,77,89,90
885,Roderick Arroyo,53,61,74,78,92,97
886,Angelica Vang,58,62,72,84,89,91
887,Elvis Whitney,56,60,65,82,84,91
888,Abram Horne,53,57,72,79,91,94
889,Laney Cordova,55,60,74,85,90,95
890,Matilda Beck,55,60,76,85,89,92
891,Darien Chandler,54,56,72,76,89,95
892,Griffin Molina,54,62,70,80,86,91
893,Noemi Francis,58,64,70,80,85,89
894,Dereon Nolan,54,60,71,79,82,87
895,Tyrone Nicholson,51,59,75,76,84,88
896,Kianna Aguirre,56,60,70,80,85,89
897,Aubrie Mccarty,61,66,73,86,82,88
898,Fabian Fields,58,58,68,79,85,88
899,Kenna Moreno,53,56,72,83,88,95
900,Aubrey Douglas,54,60,69,80,85,89
901,June Singleton,59,64,75,84,85,90
902,Irvin Donaldson,56,59,72,79,88,91
903,Kenneth Greene,54,58,71,84,89,92
904,Margaret Schneider,59,63,71,84,86,93
905,Charity Nguyen,58,62,76,83,88,91
906,Izayah Kirk,53,59,76,78,89,95
907,Diana Knapp,57,63,71,78,87,91
908,Antony Wilson,55,62,77,79,92,99
909,Weston Hodges,58,62,75,79,89,93
910,Giovanny Schaefer,57,61,76,81,83,88
911,Max Rogers,54,60,76,84,88,92
912,Eddie Pineda,54,63,74,83,89,95
913,Elizabeth Zamora,59,62,74,80,83,91
914,Reagan Stuart,55,62,75,82,85,88
915,Joyce Barrera,51,55,68,75,91,97
916,Brynn Ponce,58,62,75,76,92,98
917,Noe Arnold,54,62,73,80,87,91
918,Alisha Trevino,52,60,72,82,82,92
919,Mariam Knox,62,65,69,84,83,90
920,Kane Griffith,59,64,73,81,87,93
921,Vivian Galloway,56,63,71,82,82,90
922,Micah Trujillo,62,64,75,83,87,96
923,Areli Duncan,56,61,69,79,82,89
924,Greta Robinson,54,58,72,78,88,94
925,Braeden Sweeney,53,57,74,82,92,100
926,Bradyn Briggs,57,65,70,78,85,88
927,Cody Howe,53,57,71,84,94,95
928,Roland Baxter,53,56,72,79,86,90
929,Moriah Huff,56,62,73,75,85,93
930,Alden Harrison,56,60,71,76,87,90
931,Jesus Alvarez,59,64,75,81,89,92
932,Arielle Waller,57,64,76,82,89,95
933,Reina Farrell,56,61,71,83,89,93
934,Jovanny Guzman,54,58,70,75,92,94
935,Trey Li,53,58,70,84,87,91
936,Alejandro Mccullough,59,62,74,84,85,90
937,Damian Boyer,54,62,69,82,89,92
938,Tamara Montes,57,61,71,82,85,90
939,Jay Compton,55,59,72,76,87,93
940,Claudia Ho,53,56,66,80,85,90
941,Marlie Moyer,58,62,77,83,94,93
942,Deegan Rush,58,63,73,82,87,90
943,Samara Holloway,58,61,74,82,86,90
944,Madelyn Mata,55,59,70,83,85,89
945,Nasir Boone,54,58,66,82,84,89
946,Lincoln Hinton,60,65,76,84,86,91
947,Karissa Garcia,53,57,72,76,86,90
948,Macey Potter,56,60,68,85,92,94
949,Bentley Patel,61,67,74,77,79,81
950,Russell Richards,58,65,76,81,88,90